cluster,rating_count,mean_rating
0,41.75631768953068,3.6187820056417115
1,435.24242424242425,3.3062605603740503
2,253.1138211382114,3.5234075977804453
3,134.63948497854076,3.5895847636498712
